{"train_accuracy": [0.956, 0.9754, 0.9942, 0.997, 0.999, 0.9988, 0.9968, 0.9994, 0.9998, 0.9978, 1.0, 1.0, 1.0, 1.0, 1.0, 1.0, 1.0, 1.0, 1.0, 1.0], "train_loss": [0.14707065734875802, 0.08590150495321933, 0.0351620837095947, 0.02964166028371426, 0.020726373239076896, 0.02635176591519825, 0.031983738180834054, 0.021365531417753398, 0.023721742719916294, 0.02872436031277407, 0.01754317281293774, 0.01686087825727158, 0.016623411887499533, 0.01664237968867751, 0.016915157672665482, 0.016948025588303217, 0.017125238881940865, 0.017317835171067428, 0.017561979049350935, 0.017805565092427887], "val_accuracy": [0.941, 0.932, 0.951, 0.959, 0.957, 0.958, 0.956, 0.965, 0.96, 0.954, 0.959, 0.957, 0.96, 0.961, 0.959, 0.961, 0.963, 0.96, 0.963, 0.962], "val_loss": [0.20233664677181634, 0.20165876317216774, 0.1499979752961697, 0.1305606370144115, 0.13868995855136304, 0.14264237552743084, 0.15173527234535447, 0.12912307255028802, 0.13484727708798336, 0.1376494590118849, 0.12677627136342487, 0.12642660695880004, 0.12614900775252783, 0.12614403948978353, 0.1272172702348302, 0.1261382011612828, 0.12688940709804006, 0.127344688490869, 0.12766446021982114, 0.12607872048301022], "test_accuracy": 0.956, "test_loss": 0.14410848176245802}