{"train_accuracy": [0.9186, 0.9438, 0.9624, 0.9718, 0.9806, 0.987, 0.9894, 0.9928, 0.9954, 0.9954, 0.9974, 0.998, 0.9984, 0.9986, 0.9982, 0.9988, 0.9986, 0.9988, 0.9988, 0.9988], "train_loss": [0.29035827754438376, 0.20334077811797246, 0.15204909182413495, 0.12568097391795804, 0.0976805174104809, 0.08280116765821953, 0.07508539258200787, 0.06722991048399819, 0.05794556206483737, 0.05442161804360263, 0.04877574270540622, 0.048244919797735084, 0.04767553625379803, 0.04730836073234503, 0.04694691631640842, 0.046470902038361406, 0.046109967370475624, 0.04571970862126893, 0.04538625717040253, 0.04518065796679755], "val_accuracy": [0.908, 0.92, 0.932, 0.925, 0.936, 0.94, 0.938, 0.947, 0.945, 0.944, 0.944, 0.944, 0.944, 0.944, 0.944, 0.942, 0.943, 0.943, 0.942, 0.943], "val_loss": [0.30565442841911866, 0.27701095284122945, 0.23755087276287687, 0.23107768350792046, 0.21223895537430046, 0.20381692203865404, 0.20462617034747546, 0.19684755721134992, 0.18927786588961873, 0.18610110889957332, 0.18341212612441649, 0.18406911689454578, 0.18318095541995255, 0.18274869334030405, 0.18391840697299586, 0.18311494508119494, 0.18257340105978195, 0.18290733431770215, 0.1829202629511629, 0.18175245478602683], "test_accuracy": 0.939, "test_loss": 0.20932270890316543}